-- Equipment Requirements Test Data for diag, immo, prog, airbag

-- 1. diag_equipment_requirements
INSERT INTO "public"."diag_equipment_requirements" ("ymm_id", "service_id") VALUES
  (6062, 19),
  (6977, 19),
  (8034, 19),
  (7970, 19),
  (8456, 19),
  (4326, 19),
  (4321, 19),
  (6373, 19),
  (9719, 19),
  (4976, 19),
  (8834, 19),
  (9082, 19),
  (1062, 19),
  (8058, 19),
  (7984, 19),
  (6983, 19),
  (6431, 19),
  (9257, 19),
  (7159, 19),
  (8869, 19),
  (6030, 19),
  (1057, 19),
  (8228, 19),
  (9720, 19),
  (9238, 19),
  (5998, 19),
  (6010, 19),
  (4470, 19),
  (6445, 19),
  (7181, 19),
  (6986, 19),
  (8630, 19),
  (8217, 19),
  (9283, 19),
  (7112, 19),
  (4599, 19),
  (4851, 19),
  (7890, 19),
  (5252, 19),
  (7500, 19),
  (9688, 19),
  (4616, 19),
  (7061, 19),
  (9668, 19),
  (8803, 19);

-- 2. immo_equipment_requirements
INSERT INTO "public"."immo_equipment_requirements" ("ymm_id", "service_id") VALUES
  (6062, 16), (6062, 17), (6062, 18),
  (6977, 16), (6977, 17), (6977, 18),
  (8034, 16), (8034, 17), (8034, 18),
  (7970, 16), (7970, 17), (7970, 18),
  (8456, 16), (8456, 17), (8456, 18),
  (4326, 16), (4326, 17), (4326, 18),
  (4321, 16), (4321, 17), (4321, 18),
  (6373, 16), (6373, 17), (6373, 18),
  (9719, 16), (9719, 17), (9719, 18),
  (4976, 16), (4976, 17), (4976, 18),
  (8834, 16), (8834, 17), (8834, 18),
  (9082, 16), (9082, 17), (9082, 18),
  (1062, 16), (1062, 17), (1062, 18),
  (8058, 16), (8058, 17), (8058, 18),
  (7984, 16), (7984, 17), (7984, 18),
  (6983, 16), (6983, 17), (6983, 18),
  (6431, 16), (6431, 17), (6431, 18),
  (9257, 16), (9257, 17), (9257, 18),
  (7159, 16), (7159, 17), (7159, 18),
  (8869, 16), (8869, 17), (8869, 18),
  (6030, 16), (6030, 17), (6030, 18),
  (1057, 16), (1057, 17), (1057, 18),
  (8228, 16), (8228, 17), (8228, 18),
  (9720, 16), (9720, 17), (9720, 18),
  (9238, 16), (9238, 17), (9238, 18),
  (5998, 16), (5998, 17), (5998, 18),
  (6010, 16), (6010, 17), (6010, 18),
  (4470, 16), (4470, 17), (4470, 18),
  (6445, 16), (6445, 17), (6445, 18),
  (7181, 16), (7181, 17), (7181, 18),
  (6986, 16), (6986, 17), (6986, 18),
  (8630, 16), (8630, 17), (8630, 18),
  (8217, 16), (8217, 17), (8217, 18),
  (9283, 16), (9283, 17), (9283, 18),
  (7112, 16), (7112, 17), (7112, 18),
  (4599, 16), (4599, 17), (4599, 18),
  (4851, 16), (4851, 17), (4851, 18),
  (7890, 16), (7890, 17), (7890, 18),
  (5252, 16), (5252, 17), (5252, 18),
  (7500, 16), (7500, 17), (7500, 18),
  (9688, 16), (9688, 17), (9688, 18),
  (4616, 16), (4616, 17), (4616, 18),
  (7061, 16), (7061, 17), (7061, 18),
  (9668, 16), (9668, 17), (9668, 18),
  (8803, 16), (8803, 17), (8803, 18);

-- 3. prog_equipment_requirements
INSERT INTO "public"."prog_equipment_requirements" ("ymm_id", "service_id") VALUES
  (6062, 6), (6062, 7), (6062, 8), (6062, 10), (6062, 14), (6062, 15),
  (6977, 6), (6977, 7), (6977, 8), (6977, 10), (6977, 14), (6977, 15),
  (8034, 6), (8034, 7), (8034, 8), (8034, 10), (8034, 14), (8034, 15),
  (7970, 6), (7970, 7), (7970, 8), (7970, 10), (7970, 14), (7970, 15),
  (8456, 6), (8456, 7), (8456, 8), (8456, 10), (8456, 14), (8456, 15),
  (4326, 6), (4326, 7), (4326, 8), (4326, 10), (4326, 14), (4326, 15),
  (4321, 6), (4321, 7), (4321, 8), (4321, 10), (4321, 14), (4321, 15),
  (6373, 6), (6373, 7), (6373, 8), (6373, 10), (6373, 14), (6373, 15),
  (9719, 6), (9719, 7), (9719, 8), (9719, 10), (9719, 14), (9719, 15),
  (4976, 6), (4976, 7), (4976, 8), (4976, 10), (4976, 14), (4976, 15),
  (8834, 6), (8834, 7), (8834, 8), (8834, 10), (8834, 14), (8834, 15),
  (9082, 6), (9082, 7), (9082, 8), (9082, 10), (9082, 14), (9082, 15),
  (1062, 6), (1062, 7), (1062, 8), (1062, 10), (1062, 14), (1062, 15),
  (8058, 6), (8058, 7), (8058, 8), (8058, 10), (8058, 14), (8058, 15),
  (7984, 6), (7984, 7), (7984, 8), (7984, 10), (7984, 14), (7984, 15),
  (6983, 6), (6983, 7), (6983, 8), (6983, 10), (6983, 14), (6983, 15),
  (6431, 6), (6431, 7), (6431, 8), (6431, 10), (6431, 14), (6431, 15),
  (9257, 6), (9257, 7), (9257, 8), (9257, 10), (9257, 14), (9257, 15),
  (7159, 6), (7159, 7), (7159, 8), (7159, 10), (7159, 14), (7159, 15),
  (8869, 6), (8869, 7), (8869, 8), (8869, 10), (8869, 14), (8869, 15),
  (6030, 6), (6030, 7), (6030, 8), (6030, 10), (6030, 14), (6030, 15),
  (1057, 6), (1057, 7), (1057, 8), (1057, 10), (1057, 14), (1057, 15),
  (8228, 6), (8228, 7), (8228, 8), (8228, 10), (8228, 14), (8228, 15),
  (9720, 6), (9720, 7), (9720, 8), (9720, 10), (9720, 14), (9720, 15),
  (9238, 6), (9238, 7), (9238, 8), (9238, 10), (9238, 14), (9238, 15),
  (5998, 6), (5998, 7), (5998, 8), (5998, 10), (5998, 14), (5998, 15),
  (6010, 6), (6010, 7), (6010, 8), (6010, 10), (6010, 14), (6010, 15),
  (4470, 6), (4470, 7), (4470, 8), (4470, 10), (4470, 14), (4470, 15),
  (6445, 6), (6445, 7), (6445, 8), (6445, 10), (6445, 14), (6445, 15),
  (7181, 6), (7181, 7), (7181, 8), (7181, 10), (7181, 14), (7181, 15),
  (6986, 6), (6986, 7), (6986, 8), (6986, 10), (6986, 14), (6986, 15),
  (8630, 6), (8630, 7), (8630, 8), (8630, 10), (8630, 14), (8630, 15),
  (8217, 6), (8217, 7), (8217, 8), (8217, 10), (8217, 14), (8217, 15),
  (9283, 6), (9283, 7), (9283, 8), (9283, 10), (9283, 14), (9283, 15),
  (7112, 6), (7112, 7), (7112, 8), (7112, 10), (7112, 14), (7112, 15),
  (4599, 6), (4599, 7), (4599, 8), (4599, 10), (4599, 14), (4599, 15),
  (4851, 6), (4851, 7), (4851, 8), (4851, 10), (4851, 14), (4851, 15),
  (7890, 6), (7890, 7), (7890, 8), (7890, 10), (7890, 14), (7890, 15),
  (5252, 6), (5252, 7), (5252, 8), (5252, 10), (5252, 14), (5252, 15),
  (7500, 6), (7500, 7), (7500, 8), (7500, 10), (7500, 14), (7500, 15),
  (9688, 6), (9688, 7), (9688, 8), (9688, 10), (9688, 14), (9688, 15),
  (4616, 6), (4616, 7), (4616, 8), (4616, 10), (4616, 14), (4616, 15),
  (7061, 6), (7061, 7), (7061, 8), (7061, 10), (7061, 14), (7061, 15),
  (9668, 6), (9668, 7), (9668, 8), (9668, 10), (9668, 14), (9668, 15),
  (8803, 6), (8803, 7), (8803, 8), (8803, 10), (8803, 14), (8803, 15);

-- 4. airbag_equipment_requirements
INSERT INTO "public"."airbag_equipment_requirements" ("ymm_id", "service_id") VALUES
  (6062, 9),
  (6977, 9),
  (8034, 9),
  (7970, 9),
  (8456, 9),
  (4326, 9),
  (4321, 9),
  (6373, 9),
  (9719, 9),
  (4976, 9),
  (8834, 9),
  (9082, 9),
  (1062, 9),
  (8058, 9),
  (7984, 9),
  (6983, 9),
  (6431, 9),
  (9257, 9),
  (7159, 9),
  (8869, 9),
  (6030, 9),
  (1057, 9),
  (8228, 9),
  (9720, 9),
  (9238, 9),
  (5998, 9),
  (6010, 9),
  (4470, 9),
  (6445, 9),
  (7181, 9),
  (6986, 9),
  (8630, 9),
  (8217, 9),
  (9283, 9),
  (7112, 9),
  (4599, 9),
  (4851, 9),
  (7890, 9),
  (5252, 9),
  (7500, 9),
  (9688, 9),
  (4616, 9),
  (7061, 9),
  (9668, 9),
  (8803, 9);

-- 5. adas_equipment_requirements
INSERT INTO "public"."adas_equipment_requirements" ("ymm_id", "service_id", "equipment_model") VALUES
  (4321, 1, 'AUTEL-CSC0605/01'), (4321, 2, 'AUTEL-CSC0601/01'), (4321, 3, 'AUTEL-CSC0602/01'), (4321, 4, 'AUTEL-CSC0806/01'),
  (4326, 1, 'AUTEL-CSC0605/01'), (4326, 2, 'AUTEL-CSC0601/01'), (4326, 3, 'AUTEL-CSC0602/01'), (4326, 4, 'AUTEL-CSC0806/01'),
  (4470, 1, 'N/A'), (4470, 2, 'AUTEL-CSC0601/06'), (4470, 3, 'AUTEL-CSC0802'), (4470, 4, 'N/A'),
  (4599, 1, 'N/A'), (4599, 2, 'AUTEL-CSC0601/11/01'), (4599, 3, 'AUTEL-CSC0800'), (4599, 4, 'N/A'),
  (4616, 1, 'AUTEL-CSC0605/01'), (4616, 2, 'AUTEL-CSC0601/01'), (4616, 3, 'AUTEL-CSC0602/08'), (4616, 4, 'AUTEL-CSC0806/01'),
  (4851, 1, 'AUTEL-CSC0800'), (4851, 2, 'AUTEL-CSC0601/12'), (4851, 3, 'N/A'), (4851, 4, 'N/A'),
  (4976, 1, 'AUTEL-CSC0605/01'), (4976, 2, 'AUTEL-CSC0601/01'), (4976, 3, 'AUTEL-CSC0602/01'), (4976, 4, 'AUTEL-CSC0806/01'),
  (5252, 1, 'N/A'), (5252, 2, 'AUTEL-CSC0601/17'), (5252, 3, 'N/A'), (5252, 4, 'N/A'),
  (5998, 1, 'AUTEL-CSC0800'), (5998, 2, 'N/A'), (5998, 3, 'N/A'), (5998, 4, 'N/A'),
  (6010, 1, 'N/A'), (6010, 2, 'AUTEL-CSC0601/11'), (6010, 3, 'AUTEL-CSC0800'), (6010, 4, 'N/A'),
  (6030, 1, 'AUTEL-CSC0605/01'), (6030, 2, 'N/A'), (6030, 3, 'AUTEL-CSC0602/01'), (6030, 4, 'N/A'),
  (6062, 1, 'AUTEL-CSC0605/01'), (6062, 2, 'AUTEL-CSC0601/01'), (6062, 3, 'AUTEL-CSC0602/01'), (6062, 4, 'AUTEL-CSC0806/01'),
  (6373, 1, 'N/A'), (6373, 2, 'AUTEL-CSC0601/14'), (6373, 3, 'N/A'), (6373, 4, 'N/A'),
  (6431, 1, 'N/A'), (6431, 2, 'AUTEL-CSC0601/24/01'), (6431, 3, 'AUTEL-CSC0800'), (6431, 4, 'AUTEL-CSC1004/02'),
  (6445, 1, 'N/A'), (6445, 2, 'N/A'), (6445, 3, 'N/A'), (6445, 4, 'AUTEL-CSC0806/01'),
  (6977, 1, 'N/A'), (6977, 2, 'AUTEL-CSC0601/08'), (6977, 3, 'AUTEL-CSC0800'), (6977, 4, 'N/A'),
  (6983, 1, 'Dynamic Calibration'), (6983, 2, 'AUTEL-CSC0601/07'), (6983, 3, 'N/A'), (6983, 4, 'N/A'),
  (6986, 1, 'Dynamic Calibration'), (6986, 2, 'N/A'), (6986, 3, 'AUTEL-CSC0602/02'), (6986, 4, 'N/A'),
  (7061, 1, 'Dynamic Calibration'), (7061, 2, 'AUTEL-CSC0611/03'), (7061, 3, 'AUTEL-CSC0602/01'), (7061, 4, 'Dynamic Calibration'),
  (7112, 1, 'N/A'), (7112, 2, 'AUTEL-CSC0601/03'), (7112, 3, 'AUTEL-CSC0602/01'), (7112, 4, 'N/A'),
  (7159, 1, 'AUTEL-CSC0800'), (7159, 2, 'AUTEL-CSC0601/15'), (7159, 3, 'AUTEL-CSC0800'), (7159, 4, 'N/A'),
  (7181, 1, 'AUTEL-CSC0605/01'), (7181, 2, 'N/A'), (7181, 3, 'AUTEL-CSC0602/01'), (7181, 4, 'N/A'),
  (7500, 1, 'N/A'), (7500, 2, 'AUTEL-CSC0601/22'), (7500, 3, 'N/A'), (7500, 4, 'N/A'),
  (7890, 1, 'Dynamic Calibration'), (7890, 2, 'AUTEL-CSC0601/13'), (7890, 3, 'Dynamic Calibration'), (7890, 4, 'AUTEL-CSC1004/03'),
  (7970, 1, 'AUTEL-CSC0800'), (7970, 2, 'AUTEL-CSC0601/15'), (7970, 3, 'AUTEL-CSC0800'), (7970, 4, 'AUTEL-CSC1004/10'),
  (7984, 1, 'AUTEL-CSC0800'), (7984, 2, 'AUTEL-CSC0601/15'), (7984, 3, 'AUTEL-CSC0800'), (7984, 4, 'AUTEL-CSC1004/10'),
  (8034, 1, 'AUTEL-CSC0605/01'), (8034, 2, 'AUTEL-CSC0601/01'), (8034, 3, 'AUTEL-CSC0602/01'), (8034, 4, 'AUTEL-CSC0806/01'),
  (8058, 1, 'AUTEL-CSC0605/01'), (8058, 2, 'AUTEL-CSC0601/01'), (8058, 3, 'N/A'), (8058, 4, 'AUTEL-CSC0806/01'),
  (8217, 1, 'Dynamic Calibration'), (8217, 2, 'AUTEL-CSC0601/07'), (8217, 3, 'N/A'), (8217, 4, 'N/A'),
  (8228, 1, 'N/A'), (8228, 2, 'AUTEL-CSC0601/07'), (8228, 3, 'AUTEL-CSC0800'), (8228, 4, 'N/A'),
  (8456, 1, 'AUTEL-CSC0605/01'), (8456, 2, 'AUTEL-CSC0601/01'), (8456, 3, 'AUTEL-CSC0602/01'), (8456, 4, 'AUTEL-CSC0806/01'),
  (8630, 1, 'N/A'), (8630, 2, 'AUTEL-CSC0601/08'), (8630, 3, 'AUTEL-CSC0800'), (8630, 4, 'N/A'),
  (8719, 1, 'AUTEL-CSC0605/01'), (8719, 2, 'AUTEL-CSC0601/01'), (8719, 3, 'AUTEL-CSC0602/01'), (8719, 4, 'AUTEL-CSC0806/01'),
  (8869, 1, 'AUTEL-CSC0605/01'), (8869, 2, 'AUTEL-CSC0601/01'), (8869, 3, 'AUTEL-CSC0602/01'), (8869, 4, 'AUTEL-CSC0806/01'),
  (9082, 1, 'N/A'), (9082, 2, 'AUTEL-CSC0601/07'), (9082, 3, 'AUTEL-CSC0800'), (9082, 4, 'N/A'),
  (9238, 1, 'AUTEL-CSC0800'), (9238, 2, 'AUTEL-CSC0601/14'), (9238, 3, 'N/A'), (9238, 4, 'N/A'),
  (9257, 1, 'AUTEL-CSC0800'), (9257, 2, 'AUTEL-CSC0601/15'), (9257, 3, 'AUTEL-CSC0800'), (9257, 4, 'AUTEL-CSC1004/10'),
  (9283, 1, 'N/A'), (9283, 2, 'AUTEL-CSC0601/02'), (9283, 3, 'Dynamic Calibration'), (9283, 4, 'N/A'),
  (9668, 1, 'N/A'), (9668, 2, 'AUTEL-CSC0611/05'), (9668, 3, 'N/A'), (9668, 4, 'AUTEL-CSC1014/17'),
  (9688, 1, 'AUTEL-CSC0800'), (9688, 2, 'AUTEL-CSC0601/25'), (9688, 3, 'AUTEL-CSC0800'), (9688, 4, 'N/A'),
  (9719, 1, 'AUTEL-CSC0605/01'), (9719, 2, 'AUTEL-CSC0601/01'), (9719, 3, 'AUTEL-CSC0602/01'), (9719, 4, 'AUTEL-CSC0806/01'),
  (9720, 1, 'AUTEL-CSC0605/01'), (9720, 2, 'AUTEL-CSC0601/01'), (9720, 3, 'AUTEL-CSC0602/01'), (9720, 4, 'AUTEL-CSC0806/01'),
  (1057, 1, 'AUTEL-CSC0800'), (1057, 2, 'AUTEL-CSC0601/14'), (1057, 3, 'N/A'), (1057, 4, 'N/A'),
  (1062, 1, 'AUTEL-CSC0605/01'), (1062, 2, 'AUTEL-CSC0601/01'), (1062, 3, 'AUTEL-CSC0602/01'), (1062, 4, 'AUTEL-CSC0806/01'); 