-- Generated Seed Data --

-- Data for orders
INSERT INTO "public"."orders" ("id", "user_id", "vehicle_id", "repair_order_number", "address_id", "earliest_available_time", "notes", "invoice") VALUES
  (1, '00000000-0000-0000-0000-000000000148', 23, 'RO-1745614961143-2', 52, '2025-05-02 12:58:56', 'Generated test order 1', NULL),
  (2, '00000000-0000-0000-0000-000000000118', 24, 'RO-1745614961143-3', 22, '2025-04-25 21:02:41', 'Generated test order 2', NULL),
  (3, '00000000-0000-0000-0000-000000000143', 15, 'RO-1745614961143-4', 47, '2025-04-25 21:02:41', 'Generated test order 3', NULL),
  (4, '00000000-0000-0000-0000-000000000131', 12, 'RO-1745614961143-5', 35, '2025-04-25 21:02:41', 'Generated test order 4', NULL),
  (5, '00000000-0000-0000-0000-000000000122', 21, 'RO-1745614961143-6', 26, '2025-04-25 21:02:41', 'Generated test order 5', NULL),
  (6, '00000000-0000-0000-0000-000000000150', 12, 'RO-1745614961143-7', 54, '2025-04-25 21:02:41', 'Generated test order 6', NULL),
  (7, '00000000-0000-0000-0000-000000000141', 25, 'RO-1745614961143-8', 45, '2025-04-25 21:02:41', 'Generated test order 7', NULL),
  (8, '00000000-0000-0000-0000-000000000105', 17, 'RO-1745614961143-9', 9, '2025-04-25 21:02:41', 'Generated test order 8', NULL),
  (9, '00000000-0000-0000-0000-000000000140', 37, 'RO-1745614961143-10', 44, '2025-04-25 21:02:41', 'Generated test order 9', NULL),
  (10, '00000000-0000-0000-0000-000000000108', 12, 'RO-1745614961143-11', 12, '2025-04-25 21:02:41', 'Generated test order 10', NULL),
  (11, '00000000-0000-0000-0000-000000000117', 25, 'RO-1745614961143-12', 21, '2025-04-25 21:02:41', 'Generated test order 11', NULL),
  (12, '00000000-0000-0000-0000-000000000131', 30, 'RO-1745614961143-13', 35, '2025-05-01 19:00:16', 'Generated test order 12', NULL),
  (13, '00000000-0000-0000-0000-000000000120', 38, 'RO-1745614961143-14', 24, '2025-05-01 21:17:04', 'Generated test order 13', NULL),
  (14, '00000000-0000-0000-0000-000000000122', 36, 'RO-1745614961143-15', 26, '2025-04-25 21:02:41', 'Generated test order 14', NULL),
  (15, '00000000-0000-0000-0000-000000000141', 15, 'RO-1745614961143-16', 45, '2025-04-25 21:02:41', 'Generated test order 15', NULL),
  (16, '00000000-0000-0000-0000-000000000124', 19, 'RO-1745614961143-17', 28, '2025-04-25 21:02:41', 'Generated test order 16', NULL),
  (17, '00000000-0000-0000-0000-000000000125', 19, 'RO-1745614961143-18', 29, '2025-04-25 21:02:41', 'Generated test order 17', NULL),
  (18, '00000000-0000-0000-0000-000000000109', 38, 'RO-1745614961143-19', 13, '2025-04-25 21:02:41', 'Generated test order 18', NULL),
  (19, '00000000-0000-0000-0000-000000000139', 43, 'RO-1745614961143-20', 43, '2025-04-25 21:02:41', 'Generated test order 19', NULL),
  (20, '00000000-0000-0000-0000-000000000106', 42, 'RO-1745614961143-21', 10, '2025-05-02 04:36:49', 'Generated test order 20', NULL),
  (21, '00000000-0000-0000-0000-000000000110', 27, 'RO-1745614961143-22', 14, '2025-04-25 21:02:41', 'Generated test order 21', NULL),
  (22, '00000000-0000-0000-0000-000000000104', 6, 'RO-1745614961143-23', 8, '2025-04-25 21:02:41', 'Generated test order 22', NULL),
  (23, '00000000-0000-0000-0000-000000000148', 18, 'RO-1745614961143-24', 52, '2025-04-25 21:02:41', 'Generated test order 23', NULL);

-- Data for order_services
INSERT INTO "public"."order_services" ("order_id", "service_id") VALUES
  (1, 14),
  (2, 10),
  (3, 16),
  (4, 10),
  (5, 18),
  (5, 4),
  (6, 15),
  (7, 4),
  (8, 15),
  (9, 3),
  (10, 2),
  (11, 9),
  (12, 1),
  (13, 1),
  (14, 18),
  (15, 10),
  (16, 2),
  (17, 10),
  (18, 18),
  (19, 17),
  (20, 9),
  (21, 10),
  (22, 7),
  (23, 3);

-- Data for jobs
INSERT INTO "public"."jobs" ("id", "order_id", "assigned_technician", "address_id", "priority", "status", "requested_time", "estimated_sched", "job_duration", "notes", "service_id", "fixed_assignment", "fixed_schedule_time", "technician_notes") VALUES
  (1, 1, NULL, 52, 7, 'queued', NULL, NULL, 117, 'Generated job 1 for order 1, service: Headlamp Module', 14, FALSE, NULL, NULL),
  (2, 2, NULL, 22, 9, 'queued', NULL, NULL, 108, 'Generated job 2 for order 2, service: Instrument Cluster', 10, FALSE, NULL, NULL),
  (3, 3, NULL, 47, 1, 'queued', NULL, NULL, 78, 'Generated job 3 for order 3, service: Immobilizer R&R', 16, FALSE, NULL, NULL),
  (4, 4, NULL, 35, 9, 'queued', NULL, NULL, 31, 'Generated job 4 for order 4, service: Instrument Cluster', 10, FALSE, NULL, NULL),
  (5, 5, NULL, 26, 8, 'queued', NULL, NULL, 64, 'Generated job 5 for order 5, service: Adding Spare Keys', 18, FALSE, NULL, NULL),
  (6, 5, NULL, 26, 8, 'queued', NULL, NULL, 62, 'Generated job 6 for order 5, service: Blind Spot Monitor', 4, FALSE, NULL, NULL),
  (7, 6, NULL, 54, 4, NULL, NULL, NULL, 81, 'Generated job 7 for order 6, service: Other', 15, FALSE, NULL, NULL),
  (8, 7, NULL, 45, 10, 'queued', NULL, NULL, 97, 'Generated job 8 for order 7, service: Blind Spot Monitor', 4, FALSE, NULL, NULL),
  (9, 8, NULL, 9, 1, 'queued', NULL, NULL, 49, 'Generated job 9 for order 8, service: Other', 15, FALSE, '2025-05-02 12:03:08', NULL),
  (10, 9, NULL, 44, 1, 'queued', NULL, NULL, 100, 'Generated job 10 for order 9, service: 360 Camera or Side Mirror', 3, FALSE, NULL, NULL),
  (11, 10, NULL, 12, 3, 'queued', NULL, NULL, 51, 'Generated job 11 for order 10, service: Windshield Camera', 2, FALSE, NULL, NULL),
  (12, 11, NULL, 21, 8, 'queued', NULL, NULL, 69, 'Generated job 12 for order 11, service: Airbag Module Reset', 9, FALSE, NULL, NULL),
  (13, 12, NULL, 35, 5, 'queued', NULL, NULL, 54, 'Generated job 13 for order 12, service: Front Radar', 1, FALSE, NULL, NULL),
  (14, 13, NULL, 24, 8, 'queued', NULL, NULL, 60, 'Generated job 14 for order 13, service: Front Radar', 1, FALSE, NULL, NULL),
  (15, 14, NULL, 26, 8, 'queued', NULL, NULL, 91, 'Generated job 15 for order 14, service: Adding Spare Keys', 18, FALSE, NULL, NULL),
  (16, 15, NULL, 45, 1, 'queued', NULL, NULL, 113, 'Generated job 16 for order 15, service: Instrument Cluster', 10, FALSE, NULL, NULL),
  (17, 16, NULL, 28, 4, 'queued', NULL, NULL, 96, 'Generated job 17 for order 16, service: Windshield Camera', 2, FALSE, NULL, NULL),
  (18, 17, NULL, 29, 4, 'queued', NULL, NULL, 36, 'Generated job 18 for order 17, service: Instrument Cluster', 10, FALSE, NULL, NULL),
  (19, 18, NULL, 13, 4, 'queued', NULL, NULL, 44, 'Generated job 19 for order 18, service: Adding Spare Keys', 18, FALSE, NULL, NULL),
  (20, 19, NULL, 43, 9, 'queued', NULL, NULL, 30, 'Generated job 20 for order 19, service: All Keys Lost', 17, FALSE, NULL, NULL),
  (21, 20, NULL, 10, 5, 'queued', NULL, NULL, 109, 'Generated job 21 for order 20, service: Airbag Module Reset', 9, FALSE, NULL, NULL),
  (22, 21, NULL, 14, 2, 'queued', NULL, NULL, 40, 'Generated job 22 for order 21, service: Instrument Cluster', 10, FALSE, NULL, NULL),
  (23, 22, NULL, 8, 2, 'queued', NULL, NULL, 49, 'Generated job 23 for order 22, service: TCM', 7, FALSE, NULL, NULL),
  (24, 23, NULL, 52, 1, 'queued', NULL, NULL, 44, 'Generated job 24 for order 23, service: 360 Camera or Side Mirror', 3, FALSE, NULL, NULL);

-- No data generated for technician_availability_exceptions
-- Data for van_equipment
INSERT INTO "public"."van_equipment" ("van_id", "equipment_id") VALUES
  (1, 6),
  (2, 6),
  (3, 6),
  (4, 6),
  (1, 8),
  (2, 8),
  (3, 7),
  (4, 5),
  (4, 9),
  (3, 38),
  (1, 35),
  (1, 30),
  (4, 18),
  (1, 31),
  (3, 15),
  (3, 21),
  (1, 24),
  (1, 16),
  (2, 27),
  (2, 29),
  (1, 14),
  (2, 11),
  (2, 20),
  (3, 25);

